"","par","valor"
"ap","ap",-7.20311031089512
"Bp","Bp",0.278112998840438
"ak","ak",-0.732854780924206
"Bk","Bk",-0.00727604632057753
