"par","valor"
"ap",-6.75256359776038
"Bp",0.202374503638611
"ak",-0.300230730488127
"Bk",-0.01540609064415
