"","par","valor"
"ap","ap",-7.20311023885424
"Bp","Bp",0.278112996937657
"ak","ak",-0.732854794065913
"Bk","Bk",-0.00727604600881585
