"par","valor"
"ap",-11.7824228964114
"Bp",0.286531679441456
"ak",-0.30023067165736
"Bk",-0.0154060913356323
