Time,ln.S,Temp
0,0,4
10080,-0.7494845504,4
20160,-0.6216511789,4
30240,-1.6433024264,4
40320,-1.4426317309,4
0,0,22
10080,-4.8761644932,22
20160,-6.4307941692,22
30240,-7.5096038305,22
40320,-10.2782786535,22
0,0,56
10,-7.4160777725,56
20,-10.2475069948,56
30,-12.5202391246,56
40,-13.8493750719,56
50,-13.9797368898,56
60,-14.2060500159,56
70,-14.2060500159,56
